url,image_url,name,price
https://www.glassesshop.com/eyeglasses/fp2126,"data:image/gif;base64,R0lGODlhAQABAIAAAP///wAAACH5BAEAAAAALAAAAAABAAEAAAICRAEAOw==",Laguna,$24.95
https://www.glassesshop.com/eyeglasses/fp2124,"data:image/gif;base64,R0lGODlhAQABAIAAAP///wAAACH5BAEAAAAALAAAAAABAAEAAAICRAEAOw==",Salinas,$24.95
https://www.glassesshop.com/eyeglasses/fp2118,"data:image/gif;base64,R0lGODlhAQABAIAAAP///wAAACH5BAEAAAAALAAAAAABAAEAAAICRAEAOw==",Eleanore,$24.95
https://www.glassesshop.com/eyeglasses/fm1475,"data:image/gif;base64,R0lGODlhAQABAIAAAP///wAAACH5BAEAAAAALAAAAAABAAEAAAICRAEAOw==",Avon,$34.95
https://www.glassesshop.com/eyeglasses/fm1473,"data:image/gif;base64,R0lGODlhAQABAIAAAP///wAAACH5BAEAAAAALAAAAAABAAEAAAICRAEAOw==",Pensacola,$34.95
,,,
https://www.glassesshop.com/eyeglasses/st0244,"data:image/gif;base64,R0lGODlhAQABAIAAAP///wAAACH5BAEAAAAALAAAAAABAAEAAAICRAEAOw==",Maxine,$54.95
https://www.glassesshop.com/eyeglasses/fz1495,"data:image/gif;base64,R0lGODlhAQABAIAAAP///wAAACH5BAEAAAAALAAAAAABAAEAAAICRAEAOw==",Jellico,$29.95
https://www.glassesshop.com/eyeglasses/fz1437,"data:image/gif;base64,R0lGODlhAQABAIAAAP///wAAACH5BAEAAAAALAAAAAABAAEAAAICRAEAOw==",Westlake,$44.95
https://www.glassesshop.com/eyeglasses/fp2106,"data:image/gif;base64,R0lGODlhAQABAIAAAP///wAAACH5BAEAAAAALAAAAAABAAEAAAICRAEAOw==",Gulfport,$19.95
https://www.glassesshop.com/eyeglasses/fp2071,"data:image/gif;base64,R0lGODlhAQABAIAAAP///wAAACH5BAEAAAAALAAAAAABAAEAAAICRAEAOw==",Taurus,$24.95
https://www.glassesshop.com/eyeglasses/fp2047,"data:image/gif;base64,R0lGODlhAQABAIAAAP///wAAACH5BAEAAAAALAAAAAABAAEAAAICRAEAOw==",Libra,$24.95
https://www.glassesshop.com/eyeglasses/fp2043,"data:image/gif;base64,R0lGODlhAQABAIAAAP///wAAACH5BAEAAAAALAAAAAABAAEAAAICRAEAOw==",Taurus,$24.95
https://www.glassesshop.com/eyeglasses/fp2038,"data:image/gif;base64,R0lGODlhAQABAIAAAP///wAAACH5BAEAAAAALAAAAAABAAEAAAICRAEAOw==",Fresno,$12.95
https://www.glassesshop.com/eyeglasses/fp2035,"data:image/gif;base64,R0lGODlhAQABAIAAAP///wAAACH5BAEAAAAALAAAAAABAAEAAAICRAEAOw==",Oberlin,$19.95
https://www.glassesshop.com/eyeglasses/fp2034,"data:image/gif;base64,R0lGODlhAQABAIAAAP///wAAACH5BAEAAAAALAAAAAABAAEAAAICRAEAOw==",Oberlin,$19.95
https://www.glassesshop.com/eyeglasses/fp2033,"data:image/gif;base64,R0lGODlhAQABAIAAAP///wAAACH5BAEAAAAALAAAAAABAAEAAAICRAEAOw==",Oberlin,$19.95
https://www.glassesshop.com/eyeglasses/fp2032,"data:image/gif;base64,R0lGODlhAQABAIAAAP///wAAACH5BAEAAAAALAAAAAABAAEAAAICRAEAOw==",Oberlin,$19.95
https://www.glassesshop.com/eyeglasses/fp2013,"data:image/gif;base64,R0lGODlhAQABAIAAAP///wAAACH5BAEAAAAALAAAAAABAAEAAAICRAEAOw==",Rainbow,$12.95
https://www.glassesshop.com/eyeglasses/sup0968,"data:image/gif;base64,R0lGODlhAQABAIAAAP///wAAACH5BAEAAAAALAAAAAABAAEAAAICRAEAOw==",Pueblo,$29.95
https://www.glassesshop.com/eyeglasses/fp2010,"data:image/gif;base64,R0lGODlhAQABAIAAAP///wAAACH5BAEAAAAALAAAAAABAAEAAAICRAEAOw==",Cooksville,$12.95
https://www.glassesshop.com/eyeglasses/fp1992,"data:image/gif;base64,R0lGODlhAQABAIAAAP///wAAACH5BAEAAAAALAAAAAABAAEAAAICRAEAOw==",Asheville,$12.95
https://www.glassesshop.com/eyeglasses/fp1991,"data:image/gif;base64,R0lGODlhAQABAIAAAP///wAAACH5BAEAAAAALAAAAAABAAEAAAICRAEAOw==",Asheville,$12.95
https://www.glassesshop.com/eyeglasses/fp1990,"data:image/gif;base64,R0lGODlhAQABAIAAAP///wAAACH5BAEAAAAALAAAAAABAAEAAAICRAEAOw==",Asheville,$12.95
https://www.glassesshop.com/eyeglasses/fp1979,"data:image/gif;base64,R0lGODlhAQABAIAAAP///wAAACH5BAEAAAAALAAAAAABAAEAAAICRAEAOw==",Bronx,$12.95
https://www.glassesshop.com/eyeglasses/fz1391,"data:image/gif;base64,R0lGODlhAQABAIAAAP///wAAACH5BAEAAAAALAAAAAABAAEAAAICRAEAOw==",Miami,$29.95
https://www.glassesshop.com/eyeglasses/fp1948,"data:image/gif;base64,R0lGODlhAQABAIAAAP///wAAACH5BAEAAAAALAAAAAABAAEAAAICRAEAOw==",Eleanor,$12.95
https://www.glassesshop.com/eyeglasses/fz1382,"data:image/gif;base64,R0lGODlhAQABAIAAAP///wAAACH5BAEAAAAALAAAAAABAAEAAAICRAEAOw==",Lindsay,$29.95
https://www.glassesshop.com/eyeglasses/ft0326,"data:image/gif;base64,R0lGODlhAQABAIAAAP///wAAACH5BAEAAAAALAAAAAABAAEAAAICRAEAOw==",Dubois,$49.95
https://www.glassesshop.com/eyeglasses/fz1375,"data:image/gif;base64,R0lGODlhAQABAIAAAP///wAAACH5BAEAAAAALAAAAAABAAEAAAICRAEAOw==",Bobosa,$29.95
https://www.glassesshop.com/eyeglasses/sup0711,"data:image/gif;base64,R0lGODlhAQABAIAAAP///wAAACH5BAEAAAAALAAAAAABAAEAAAICRAEAOw==",Marlowe,$19.95
https://www.glassesshop.com/eyeglasses/fz1370,"data:image/gif;base64,R0lGODlhAQABAIAAAP///wAAACH5BAEAAAAALAAAAAABAAEAAAICRAEAOw==",Maltz,$29.95
https://www.glassesshop.com/eyeglasses/fz1358,"data:image/gif;base64,R0lGODlhAQABAIAAAP///wAAACH5BAEAAAAALAAAAAABAAEAAAICRAEAOw==",Milne,$29.95
https://www.glassesshop.com/eyeglasses/fm1389,"data:image/gif;base64,R0lGODlhAQABAIAAAP///wAAACH5BAEAAAAALAAAAAABAAEAAAICRAEAOw==",Celia,$19.95
https://www.glassesshop.com/eyeglasses/fm1387,"data:image/gif;base64,R0lGODlhAQABAIAAAP///wAAACH5BAEAAAAALAAAAAABAAEAAAICRAEAOw==",Celia,$19.95
https://www.glassesshop.com/eyeglasses/fm1385,"data:image/gif;base64,R0lGODlhAQABAIAAAP///wAAACH5BAEAAAAALAAAAAABAAEAAAICRAEAOw==",Riverside,$19.95
https://www.glassesshop.com/eyeglasses/ft0304,"data:image/gif;base64,R0lGODlhAQABAIAAAP///wAAACH5BAEAAAAALAAAAAABAAEAAAICRAEAOw==",Annabel,$39.95
https://www.glassesshop.com/eyeglasses/fz1320,"data:image/gif;base64,R0lGODlhAQABAIAAAP///wAAACH5BAEAAAAALAAAAAABAAEAAAICRAEAOw==",Vogt,$29.95
https://www.glassesshop.com/eyeglasses/fz1315,"data:image/gif;base64,R0lGODlhAQABAIAAAP///wAAACH5BAEAAAAALAAAAAABAAEAAAICRAEAOw==",Wilsen,$29.95
https://www.glassesshop.com/eyeglasses/fp1903,"data:image/gif;base64,R0lGODlhAQABAIAAAP///wAAACH5BAEAAAAALAAAAAABAAEAAAICRAEAOw==",Jinbee,$19.95
https://www.glassesshop.com/eyeglasses/fp1831,"data:image/gif;base64,R0lGODlhAQABAIAAAP///wAAACH5BAEAAAAALAAAAAABAAEAAAICRAEAOw==",Tacab,$19.95
https://www.glassesshop.com/eyeglasses/fp1828,"data:image/gif;base64,R0lGODlhAQABAIAAAP///wAAACH5BAEAAAAALAAAAAABAAEAAAICRAEAOw==",Averies,$19.95
https://www.glassesshop.com/eyeglasses/sup0622,"data:image/gif;base64,R0lGODlhAQABAIAAAP///wAAACH5BAEAAAAALAAAAAABAAEAAAICRAEAOw==",Wilker,$29.95
https://www.glassesshop.com/eyeglasses/fp1841,"data:image/gif;base64,R0lGODlhAQABAIAAAP///wAAACH5BAEAAAAALAAAAAABAAEAAAICRAEAOw==",Butler,$19.95
https://www.glassesshop.com/eyeglasses/fz1297,"data:image/gif;base64,R0lGODlhAQABAIAAAP///wAAACH5BAEAAAAALAAAAAABAAEAAAICRAEAOw==",Hume,$29.95
https://www.glassesshop.com/eyeglasses/sm0876,"data:image/gif;base64,R0lGODlhAQABAIAAAP///wAAACH5BAEAAAAALAAAAAABAAEAAAICRAEAOw==",Horatio,$19.95
https://www.glassesshop.com/eyeglasses/fm1354,"data:image/gif;base64,R0lGODlhAQABAIAAAP///wAAACH5BAEAAAAALAAAAAABAAEAAAICRAEAOw==",Haywood,$29.95
https://www.glassesshop.com/eyeglasses/fm1353,"data:image/gif;base64,R0lGODlhAQABAIAAAP///wAAACH5BAEAAAAALAAAAAABAAEAAAICRAEAOw==",Haywood,$29.95
https://www.glassesshop.com/eyeglasses/fm1352,"data:image/gif;base64,R0lGODlhAQABAIAAAP///wAAACH5BAEAAAAALAAAAAABAAEAAAICRAEAOw==",Haywood,$29.95
https://www.glassesshop.com/eyeglasses/sup0568,"data:image/gif;base64,R0lGODlhAQABAIAAAP///wAAACH5BAEAAAAALAAAAAABAAEAAAICRAEAOw==",Gaskell,$29.95
https://www.glassesshop.com/eyeglasses/fz1279,"data:image/gif;base64,R0lGODlhAQABAIAAAP///wAAACH5BAEAAAAALAAAAAABAAEAAAICRAEAOw==",Ezekiel,$29.95
https://www.glassesshop.com/eyeglasses/fz1278,"data:image/gif;base64,R0lGODlhAQABAIAAAP///wAAACH5BAEAAAAALAAAAAABAAEAAAICRAEAOw==",Ezekiel,$29.95
https://www.glassesshop.com/eyeglasses/fz1270,"data:image/gif;base64,R0lGODlhAQABAIAAAP///wAAACH5BAEAAAAALAAAAAABAAEAAAICRAEAOw==",Genevieve,$34.95
https://www.glassesshop.com/eyeglasses/fz1269,"data:image/gif;base64,R0lGODlhAQABAIAAAP///wAAACH5BAEAAAAALAAAAAABAAEAAAICRAEAOw==",Genevieve,$34.95
https://www.glassesshop.com/eyeglasses/fz1268,"data:image/gif;base64,R0lGODlhAQABAIAAAP///wAAACH5BAEAAAAALAAAAAABAAEAAAICRAEAOw==",Genevieve,$34.95
https://www.glassesshop.com/eyeglasses/fz1250,"data:image/gif;base64,R0lGODlhAQABAIAAAP///wAAACH5BAEAAAAALAAAAAABAAEAAAICRAEAOw==",Vivian,$29.95
https://www.glassesshop.com/eyeglasses/sm0860,"data:image/gif;base64,R0lGODlhAQABAIAAAP///wAAACH5BAEAAAAALAAAAAABAAEAAAICRAEAOw==",Willie,$19.95
https://www.glassesshop.com/eyeglasses/fp1770,"data:image/gif;base64,R0lGODlhAQABAIAAAP///wAAACH5BAEAAAAALAAAAAABAAEAAAICRAEAOw==",Winchester,$19.95
https://www.glassesshop.com/eyeglasses/fp1747,"data:image/gif;base64,R0lGODlhAQABAIAAAP///wAAACH5BAEAAAAALAAAAAABAAEAAAICRAEAOw==",Murphy,$39.95
https://www.glassesshop.com/eyeglasses/fz1209,"data:image/gif;base64,R0lGODlhAQABAIAAAP///wAAACH5BAEAAAAALAAAAAABAAEAAAICRAEAOw==",Pete,$29.95
https://www.glassesshop.com/eyeglasses/fz1208,"data:image/gif;base64,R0lGODlhAQABAIAAAP///wAAACH5BAEAAAAALAAAAAABAAEAAAICRAEAOw==",Pete,$19.95
https://www.glassesshop.com/eyeglasses/fm1263,"data:image/gif;base64,R0lGODlhAQABAIAAAP///wAAACH5BAEAAAAALAAAAAABAAEAAAICRAEAOw==",Rochester,$29.95
https://www.glassesshop.com/eyeglasses/fm1244,"data:image/gif;base64,R0lGODlhAQABAIAAAP///wAAACH5BAEAAAAALAAAAAABAAEAAAICRAEAOw==",Burke,$24.95
https://www.glassesshop.com/eyeglasses/fm1243,"data:image/gif;base64,R0lGODlhAQABAIAAAP///wAAACH5BAEAAAAALAAAAAABAAEAAAICRAEAOw==",Burke,$24.95
https://www.glassesshop.com/eyeglasses/fp1719,"data:image/gif;base64,R0lGODlhAQABAIAAAP///wAAACH5BAEAAAAALAAAAAABAAEAAAICRAEAOw==",Jean,$24.95
,,,
https://www.glassesshop.com/eyeglasses/fp1717,"data:image/gif;base64,R0lGODlhAQABAIAAAP///wAAACH5BAEAAAAALAAAAAABAAEAAAICRAEAOw==",Jean,$24.95
https://www.glassesshop.com/eyeglasses/fp1643,"data:image/gif;base64,R0lGODlhAQABAIAAAP///wAAACH5BAEAAAAALAAAAAABAAEAAAICRAEAOw==",Isaiah,$19.95
https://www.glassesshop.com/eyeglasses/fp1642,"data:image/gif;base64,R0lGODlhAQABAIAAAP///wAAACH5BAEAAAAALAAAAAABAAEAAAICRAEAOw==",Isaiah,$19.95
https://www.glassesshop.com/eyeglasses/fp1661,"data:image/gif;base64,R0lGODlhAQABAIAAAP///wAAACH5BAEAAAAALAAAAAABAAEAAAICRAEAOw==",Derrick,$24.95
https://www.glassesshop.com/eyeglasses/fp1568,"data:image/gif;base64,R0lGODlhAQABAIAAAP///wAAACH5BAEAAAAALAAAAAABAAEAAAICRAEAOw==",Cooksville,$24.95
https://www.glassesshop.com/eyeglasses/fp1438,"data:image/gif;base64,R0lGODlhAQABAIAAAP///wAAACH5BAEAAAAALAAAAAABAAEAAAICRAEAOw==",Prince,$19.95
https://www.glassesshop.com/eyeglasses/fz1088,"data:image/gif;base64,R0lGODlhAQABAIAAAP///wAAACH5BAEAAAAALAAAAAABAAEAAAICRAEAOw==",Mandy,$29.95
https://www.glassesshop.com/eyeglasses/fz1087,"data:image/gif;base64,R0lGODlhAQABAIAAAP///wAAACH5BAEAAAAALAAAAAABAAEAAAICRAEAOw==",Mandy,$29.95
https://www.glassesshop.com/eyeglasses/fz1083,"data:image/gif;base64,R0lGODlhAQABAIAAAP///wAAACH5BAEAAAAALAAAAAABAAEAAAICRAEAOw==",Nicole,$19.95
https://www.glassesshop.com/eyeglasses/fz1032,"data:image/gif;base64,R0lGODlhAQABAIAAAP///wAAACH5BAEAAAAALAAAAAABAAEAAAICRAEAOw==",Poppy,$19.95
https://www.glassesshop.com/eyeglasses/fz0981,"data:image/gif;base64,R0lGODlhAQABAIAAAP///wAAACH5BAEAAAAALAAAAAABAAEAAAICRAEAOw==",Miami,$29.95
https://www.glassesshop.com/eyeglasses/fp1112,"data:image/gif;base64,R0lGODlhAQABAIAAAP///wAAACH5BAEAAAAALAAAAAABAAEAAAICRAEAOw==",Hyannis,$29.95
https://www.glassesshop.com/eyeglasses/fp2036,"data:image/gif;base64,R0lGODlhAQABAIAAAP///wAAACH5BAEAAAAALAAAAAABAAEAAAICRAEAOw==",Fresno,$12.95
https://www.glassesshop.com/eyeglasses/fp1923,"data:image/gif;base64,R0lGODlhAQABAIAAAP///wAAACH5BAEAAAAALAAAAAABAAEAAAICRAEAOw==",Bray,$12.95
https://www.glassesshop.com/eyeglasses/fp0989,"data:image/gif;base64,R0lGODlhAQABAIAAAP///wAAACH5BAEAAAAALAAAAAABAAEAAAICRAEAOw==",Hillsborough,$19.95
https://www.glassesshop.com/eyeglasses/fp1977,"data:image/gif;base64,R0lGODlhAQABAIAAAP///wAAACH5BAEAAAAALAAAAAABAAEAAAICRAEAOw==",Bronx,$12.95
https://www.glassesshop.com/eyeglasses/fp1694,"data:image/gif;base64,R0lGODlhAQABAIAAAP///wAAACH5BAEAAAAALAAAAAABAAEAAAICRAEAOw==",Lexingto,$19.95
https://www.glassesshop.com/eyeglasses/fp1746,"data:image/gif;base64,R0lGODlhAQABAIAAAP///wAAACH5BAEAAAAALAAAAAABAAEAAAICRAEAOw==",Murphy,$39.95
https://www.glassesshop.com/eyeglasses/fp1978,"data:image/gif;base64,R0lGODlhAQABAIAAAP///wAAACH5BAEAAAAALAAAAAABAAEAAAICRAEAOw==",Bronx,$12.95
https://www.glassesshop.com/eyeglasses/fp1988,"data:image/gif;base64,R0lGODlhAQABAIAAAP///wAAACH5BAEAAAAALAAAAAABAAEAAAICRAEAOw==",Labrador,$12.95
https://www.glassesshop.com/eyeglasses/fm1372,"data:image/gif;base64,R0lGODlhAQABAIAAAP///wAAACH5BAEAAAAALAAAAAABAAEAAAICRAEAOw==",Newark,$24.95
https://www.glassesshop.com/eyeglasses/sm0874,"data:image/gif;base64,R0lGODlhAQABAIAAAP///wAAACH5BAEAAAAALAAAAAABAAEAAAICRAEAOw==",Horatio,$19.95
https://www.glassesshop.com/eyeglasses/fm1433,"data:image/gif;base64,R0lGODlhAQABAIAAAP///wAAACH5BAEAAAAALAAAAAABAAEAAAICRAEAOw==",Virgo,$29.95
https://www.glassesshop.com/eyeglasses/fz1313,"data:image/gif;base64,R0lGODlhAQABAIAAAP///wAAACH5BAEAAAAALAAAAAABAAEAAAICRAEAOw==",Whittier,$29.95
https://www.glassesshop.com/eyeglasses/fp2086,"data:image/gif;base64,R0lGODlhAQABAIAAAP///wAAACH5BAEAAAAALAAAAAABAAEAAAICRAEAOw==",Annabelle,$24.95
https://www.glassesshop.com/eyeglasses/fp2024,"data:image/gif;base64,R0lGODlhAQABAIAAAP///wAAACH5BAEAAAAALAAAAAABAAEAAAICRAEAOw==",Joni,$29.95
https://www.glassesshop.com/eyeglasses/fp1718,"data:image/gif;base64,R0lGODlhAQABAIAAAP///wAAACH5BAEAAAAALAAAAAABAAEAAAICRAEAOw==",Jean,$19.95
https://www.glassesshop.com/eyeglasses/sup0791,"data:image/gif;base64,R0lGODlhAQABAIAAAP///wAAACH5BAEAAAAALAAAAAABAAEAAAICRAEAOw==",Evanston,$29.95
https://www.glassesshop.com/eyeglasses/fz1298,"data:image/gif;base64,R0lGODlhAQABAIAAAP///wAAACH5BAEAAAAALAAAAAABAAEAAAICRAEAOw==",Hume,$29.95
https://www.glassesshop.com/eyeglasses/fp1775,"data:image/gif;base64,R0lGODlhAQABAIAAAP///wAAACH5BAEAAAAALAAAAAABAAEAAAICRAEAOw==",Haggai,$24.95
https://www.glassesshop.com/eyeglasses/fp1563,"data:image/gif;base64,R0lGODlhAQABAIAAAP///wAAACH5BAEAAAAALAAAAAABAAEAAAICRAEAOw==",Thomasville,$24.95
https://www.glassesshop.com/eyeglasses/fp2039,"data:image/gif;base64,R0lGODlhAQABAIAAAP///wAAACH5BAEAAAAALAAAAAABAAEAAAICRAEAOw==",Fresno,$12.95
https://www.glassesshop.com/eyeglasses/sm0862,"data:image/gif;base64,R0lGODlhAQABAIAAAP///wAAACH5BAEAAAAALAAAAAABAAEAAAICRAEAOw==",Willie,$19.95
https://www.glassesshop.com/eyeglasses/fm1271,"data:image/gif;base64,R0lGODlhAQABAIAAAP///wAAACH5BAEAAAAALAAAAAABAAEAAAICRAEAOw==",Omar,$19.95
https://www.glassesshop.com/eyeglasses/fp1695,"data:image/gif;base64,R0lGODlhAQABAIAAAP///wAAACH5BAEAAAAALAAAAAABAAEAAAICRAEAOw==",Lexingto,$19.95
https://www.glassesshop.com/eyeglasses/fp2072,"data:image/gif;base64,R0lGODlhAQABAIAAAP///wAAACH5BAEAAAAALAAAAAABAAEAAAICRAEAOw==",Irvine,$24.95
https://www.glassesshop.com/eyeglasses/fp1764,"data:image/gif;base64,R0lGODlhAQABAIAAAP///wAAACH5BAEAAAAALAAAAAABAAEAAAICRAEAOw==",Arlene,$24.95
https://www.glassesshop.com/eyeglasses/fm1245,"data:image/gif;base64,R0lGODlhAQABAIAAAP///wAAACH5BAEAAAAALAAAAAABAAEAAAICRAEAOw==",Burke,$24.95
https://www.glassesshop.com/eyeglasses/fp2023,"data:image/gif;base64,R0lGODlhAQABAIAAAP///wAAACH5BAEAAAAALAAAAAABAAEAAAICRAEAOw==",Joni,$29.95
https://www.glassesshop.com/eyeglasses/fp1989,"data:image/gif;base64,R0lGODlhAQABAIAAAP///wAAACH5BAEAAAAALAAAAAABAAEAAAICRAEAOw==",Labrador,$12.95
https://www.glassesshop.com/eyeglasses/sm0787,"data:image/gif;base64,R0lGODlhAQABAIAAAP///wAAACH5BAEAAAAALAAAAAABAAEAAAICRAEAOw==",Darcy,$19.95
https://www.glassesshop.com/eyeglasses/fz1090,"data:image/gif;base64,R0lGODlhAQABAIAAAP///wAAACH5BAEAAAAALAAAAAABAAEAAAICRAEAOw==",Mandy,$29.95
https://www.glassesshop.com/eyeglasses/fp1768,"data:image/gif;base64,R0lGODlhAQABAIAAAP///wAAACH5BAEAAAAALAAAAAABAAEAAAICRAEAOw==",Belle,$19.95
https://www.glassesshop.com/eyeglasses/fp1949,"data:image/gif;base64,R0lGODlhAQABAIAAAP///wAAACH5BAEAAAAALAAAAAABAAEAAAICRAEAOw==",Eleanor,$12.95
https://www.glassesshop.com/eyeglasses/fp1505,"data:image/gif;base64,R0lGODlhAQABAIAAAP///wAAACH5BAEAAAAALAAAAAABAAEAAAICRAEAOw==",Joyce,$12.95
https://www.glassesshop.com/eyeglasses/fp1409,"data:image/gif;base64,R0lGODlhAQABAIAAAP///wAAACH5BAEAAAAALAAAAAABAAEAAAICRAEAOw==",Kelowna,$19.95
https://www.glassesshop.com/eyeglasses/fz1089,"data:image/gif;base64,R0lGODlhAQABAIAAAP///wAAACH5BAEAAAAALAAAAAABAAEAAAICRAEAOw==",Mandy,$29.95
https://www.glassesshop.com/eyeglasses/fm1388,"data:image/gif;base64,R0lGODlhAQABAIAAAP///wAAACH5BAEAAAAALAAAAAABAAEAAAICRAEAOw==",Celia,$19.95
https://www.glassesshop.com/eyeglasses/fp1110,"data:image/gif;base64,R0lGODlhAQABAIAAAP///wAAACH5BAEAAAAALAAAAAABAAEAAAICRAEAOw==",Hyannis,$29.95
https://www.glassesshop.com/eyeglasses/fp1564,"data:image/gif;base64,R0lGODlhAQABAIAAAP///wAAACH5BAEAAAAALAAAAAABAAEAAAICRAEAOw==",Thomasville,$24.95
https://www.glassesshop.com/eyeglasses/fp1658,"data:image/gif;base64,R0lGODlhAQABAIAAAP///wAAACH5BAEAAAAALAAAAAABAAEAAAICRAEAOw==",Rainbow,$12.95
https://www.glassesshop.com/eyeglasses/fp1646,"data:image/gif;base64,R0lGODlhAQABAIAAAP///wAAACH5BAEAAAAALAAAAAABAAEAAAICRAEAOw==",Angel,$19.95
https://www.glassesshop.com/eyeglasses/fz1094,"data:image/gif;base64,R0lGODlhAQABAIAAAP///wAAACH5BAEAAAAALAAAAAABAAEAAAICRAEAOw==",Buckeye,$29.95
https://www.glassesshop.com/eyeglasses/rm0247,"data:image/gif;base64,R0lGODlhAQABAIAAAP///wAAACH5BAEAAAAALAAAAAABAAEAAAICRAEAOw==",Terre,$32.95
https://www.glassesshop.com/eyeglasses/fp1232,"data:image/gif;base64,R0lGODlhAQABAIAAAP///wAAACH5BAEAAAAALAAAAAABAAEAAAICRAEAOw==",Trenton,$19.95
https://www.glassesshop.com/eyeglasses/fm1384,"data:image/gif;base64,R0lGODlhAQABAIAAAP///wAAACH5BAEAAAAALAAAAAABAAEAAAICRAEAOw==",Riverside,$19.95
https://www.glassesshop.com/eyeglasses/fp1843,"data:image/gif;base64,R0lGODlhAQABAIAAAP///wAAACH5BAEAAAAALAAAAAABAAEAAAICRAEAOw==",Butler,$19.95
https://www.glassesshop.com/eyeglasses/fz1158,"data:image/gif;base64,R0lGODlhAQABAIAAAP///wAAACH5BAEAAAAALAAAAAABAAEAAAICRAEAOw==",Enoch,$29.95
https://www.glassesshop.com/eyeglasses/fp1644,"data:image/gif;base64,R0lGODlhAQABAIAAAP///wAAACH5BAEAAAAALAAAAAABAAEAAAICRAEAOw==",Isaiah,$19.95
,,,
https://www.glassesshop.com/eyeglasses/fp1401,"data:image/gif;base64,R0lGODlhAQABAIAAAP///wAAACH5BAEAAAAALAAAAAABAAEAAAICRAEAOw==",Holt,$19.95
https://www.glassesshop.com/eyeglasses/fp1973,"data:image/gif;base64,R0lGODlhAQABAIAAAP///wAAACH5BAEAAAAALAAAAAABAAEAAAICRAEAOw==",Flushing,$12.95
https://www.glassesshop.com/eyeglasses/fm1017,"data:image/gif;base64,R0lGODlhAQABAIAAAP///wAAACH5BAEAAAAALAAAAAABAAEAAAICRAEAOw==",Brunswick,$29.95
https://www.glassesshop.com/eyeglasses/fz1392,"data:image/gif;base64,R0lGODlhAQABAIAAAP///wAAACH5BAEAAAAALAAAAAABAAEAAAICRAEAOw==",Endicott,$29.95
https://www.glassesshop.com/eyeglasses/fp1922,"data:image/gif;base64,R0lGODlhAQABAIAAAP///wAAACH5BAEAAAAALAAAAAABAAEAAAICRAEAOw==",Bray,$12.95
https://www.glassesshop.com/eyeglasses/fp1762,"data:image/gif;base64,R0lGODlhAQABAIAAAP///wAAACH5BAEAAAAALAAAAAABAAEAAAICRAEAOw==",Arlene,$24.95
https://www.glassesshop.com/eyeglasses/fp1704,"data:image/gif;base64,R0lGODlhAQABAIAAAP///wAAACH5BAEAAAAALAAAAAABAAEAAAICRAEAOw==",Heather,$29.95
https://www.glassesshop.com/eyeglasses/fm1432,"data:image/gif;base64,R0lGODlhAQABAIAAAP///wAAACH5BAEAAAAALAAAAAABAAEAAAICRAEAOw==",Virgo,$29.95
https://www.glassesshop.com/eyeglasses/fz1311,"data:image/gif;base64,R0lGODlhAQABAIAAAP///wAAACH5BAEAAAAALAAAAAABAAEAAAICRAEAOw==",Whittier,$29.95
https://www.glassesshop.com/eyeglasses/fp1830,"data:image/gif;base64,R0lGODlhAQABAIAAAP///wAAACH5BAEAAAAALAAAAAABAAEAAAICRAEAOw==",Averies,$19.95
https://www.glassesshop.com/eyeglasses/fm1417,"data:image/gif;base64,R0lGODlhAQABAIAAAP///wAAACH5BAEAAAAALAAAAAABAAEAAAICRAEAOw==",Alturas,$29.95
https://www.glassesshop.com/eyeglasses/fp1411,"data:image/gif;base64,R0lGODlhAQABAIAAAP///wAAACH5BAEAAAAALAAAAAABAAEAAAICRAEAOw==",Kelowna,$19.95
https://www.glassesshop.com/eyeglasses/fp2025,"data:image/gif;base64,R0lGODlhAQABAIAAAP///wAAACH5BAEAAAAALAAAAAABAAEAAAICRAEAOw==",Joni,$29.95
https://www.glassesshop.com/eyeglasses/fm1383,"data:image/gif;base64,R0lGODlhAQABAIAAAP///wAAACH5BAEAAAAALAAAAAABAAEAAAICRAEAOw==",Rochester,$29.95
https://www.glassesshop.com/eyeglasses/fm1349,"data:image/gif;base64,R0lGODlhAQABAIAAAP///wAAACH5BAEAAAAALAAAAAABAAEAAAICRAEAOw==",Hawthorn,$29.95
https://www.glassesshop.com/eyeglasses/fp1565,"data:image/gif;base64,R0lGODlhAQABAIAAAP///wAAACH5BAEAAAAALAAAAAABAAEAAAICRAEAOw==",Thomasville,$24.95
https://www.glassesshop.com/eyeglasses/sup0788,"data:image/gif;base64,R0lGODlhAQABAIAAAP///wAAACH5BAEAAAAALAAAAAABAAEAAAICRAEAOw==",Duluth,$29.95
https://www.glassesshop.com/eyeglasses/fz1015,"data:image/gif;base64,R0lGODlhAQABAIAAAP///wAAACH5BAEAAAAALAAAAAABAAEAAAICRAEAOw==",Iowa,$29.95
https://www.glassesshop.com/eyeglasses/sup0652,"data:image/gif;base64,R0lGODlhAQABAIAAAP///wAAACH5BAEAAAAALAAAAAABAAEAAAICRAEAOw==",Mika,$29.95
https://www.glassesshop.com/eyeglasses/fz1247,"data:image/gif;base64,R0lGODlhAQABAIAAAP///wAAACH5BAEAAAAALAAAAAABAAEAAAICRAEAOw==",Beulah,$29.95
https://www.glassesshop.com/eyeglasses/fp0917,"data:image/gif;base64,R0lGODlhAQABAIAAAP///wAAACH5BAEAAAAALAAAAAABAAEAAAICRAEAOw==",BowlingGreen,$29.95
https://www.glassesshop.com/eyeglasses/sup0759,"data:image/gif;base64,R0lGODlhAQABAIAAAP///wAAACH5BAEAAAAALAAAAAABAAEAAAICRAEAOw==",Christian,$29.95
https://www.glassesshop.com/eyeglasses/fp2026,"data:image/gif;base64,R0lGODlhAQABAIAAAP///wAAACH5BAEAAAAALAAAAAABAAEAAAICRAEAOw==",Plains,$24.95
https://www.glassesshop.com/eyeglasses/fp1805,"data:image/gif;base64,R0lGODlhAQABAIAAAP///wAAACH5BAEAAAAALAAAAAABAAEAAAICRAEAOw==",Watertown,$19.95
https://www.glassesshop.com/eyeglasses/fp1456,"data:image/gif;base64,R0lGODlhAQABAIAAAP///wAAACH5BAEAAAAALAAAAAABAAEAAAICRAEAOw==",Zoe,$19.95
https://www.glassesshop.com/eyeglasses/fp1859,"data:image/gif;base64,R0lGODlhAQABAIAAAP///wAAACH5BAEAAAAALAAAAAABAAEAAAICRAEAOw==",Persol,$19.95
https://www.glassesshop.com/eyeglasses/ft0242,"data:image/gif;base64,R0lGODlhAQABAIAAAP///wAAACH5BAEAAAAALAAAAAABAAEAAAICRAEAOw==",Robben,$39.95
https://www.glassesshop.com/eyeglasses/ft0364,"data:image/gif;base64,R0lGODlhAQABAIAAAP///wAAACH5BAEAAAAALAAAAAABAAEAAAICRAEAOw==",Glenview,$49.95
https://www.glassesshop.com/eyeglasses/fz1084,"data:image/gif;base64,R0lGODlhAQABAIAAAP///wAAACH5BAEAAAAALAAAAAABAAEAAAICRAEAOw==",Nicole,$19.95
https://www.glassesshop.com/eyeglasses/fp1829,"data:image/gif;base64,R0lGODlhAQABAIAAAP///wAAACH5BAEAAAAALAAAAAABAAEAAAICRAEAOw==",Averies,$19.95
https://www.glassesshop.com/eyeglasses/fp1566,"data:image/gif;base64,R0lGODlhAQABAIAAAP///wAAACH5BAEAAAAALAAAAAABAAEAAAICRAEAOw==",Cooksville,$24.95
https://www.glassesshop.com/eyeglasses/fp0611,"data:image/gif;base64,R0lGODlhAQABAIAAAP///wAAACH5BAEAAAAALAAAAAABAAEAAAICRAEAOw==",Sudbury,$29.95
https://www.glassesshop.com/eyeglasses/fp1975,"data:image/gif;base64,R0lGODlhAQABAIAAAP///wAAACH5BAEAAAAALAAAAAABAAEAAAICRAEAOw==",Brentwood,$24.95
https://www.glassesshop.com/eyeglasses/fz0983,"data:image/gif;base64,R0lGODlhAQABAIAAAP///wAAACH5BAEAAAAALAAAAAABAAEAAAICRAEAOw==",Miami,$29.95
https://www.glassesshop.com/eyeglasses/sup0747,"data:image/gif;base64,R0lGODlhAQABAIAAAP///wAAACH5BAEAAAAALAAAAAABAAEAAAICRAEAOw==",Bernardino,$34.95
https://www.glassesshop.com/eyeglasses/fp1942,"data:image/gif;base64,R0lGODlhAQABAIAAAP///wAAACH5BAEAAAAALAAAAAABAAEAAAICRAEAOw==",Abra,$19.95
https://www.glassesshop.com/eyeglasses/fp1239,"data:image/gif;base64,R0lGODlhAQABAIAAAP///wAAACH5BAEAAAAALAAAAAABAAEAAAICRAEAOw==",Hayden,$24.95
https://www.glassesshop.com/eyeglasses/fp1918,"data:image/gif;base64,R0lGODlhAQABAIAAAP///wAAACH5BAEAAAAALAAAAAABAAEAAAICRAEAOw==",Bloor,$12.95
https://www.glassesshop.com/eyeglasses/sup0633,"data:image/gif;base64,R0lGODlhAQABAIAAAP///wAAACH5BAEAAAAALAAAAAABAAEAAAICRAEAOw==",Spender,$19.95
https://www.glassesshop.com/eyeglasses/sup0624,"data:image/gif;base64,R0lGODlhAQABAIAAAP///wAAACH5BAEAAAAALAAAAAABAAEAAAICRAEAOw==",Wilker,$29.95
https://www.glassesshop.com/eyeglasses/fm1308,"data:image/gif;base64,R0lGODlhAQABAIAAAP///wAAACH5BAEAAAAALAAAAAABAAEAAAICRAEAOw==",Uriah,$9.95
https://www.glassesshop.com/eyeglasses/ft0360,"data:image/gif;base64,R0lGODlhAQABAIAAAP///wAAACH5BAEAAAAALAAAAAABAAEAAAICRAEAOw==",Mobile,$39.95
https://www.glassesshop.com/eyeglasses/ft0319,"data:image/gif;base64,R0lGODlhAQABAIAAAP///wAAACH5BAEAAAAALAAAAAABAAEAAAICRAEAOw==",Carmelita,$54.95
https://www.glassesshop.com/eyeglasses/sup0658,"data:image/gif;base64,R0lGODlhAQABAIAAAP///wAAACH5BAEAAAAALAAAAAABAAEAAAICRAEAOw==",Kerlins,$29.95
https://www.glassesshop.com/eyeglasses/ft0325,"data:image/gif;base64,R0lGODlhAQABAIAAAP///wAAACH5BAEAAAAALAAAAAABAAEAAAICRAEAOw==",Dubois,$49.95
https://www.glassesshop.com/eyeglasses/ft0265,"data:image/gif;base64,R0lGODlhAQABAIAAAP///wAAACH5BAEAAAAALAAAAAABAAEAAAICRAEAOw==",Hearst,$64.95
https://www.glassesshop.com/eyeglasses/sup0755,"data:image/gif;base64,R0lGODlhAQABAIAAAP///wAAACH5BAEAAAAALAAAAAABAAEAAAICRAEAOw==",Rosemary,$29.95
https://www.glassesshop.com/eyeglasses/ft0355,"data:image/gif;base64,R0lGODlhAQABAIAAAP///wAAACH5BAEAAAAALAAAAAABAAEAAAICRAEAOw==",Warren,$44.95
https://www.glassesshop.com/eyeglasses/sup0827,"data:image/gif;base64,R0lGODlhAQABAIAAAP///wAAACH5BAEAAAAALAAAAAABAAEAAAICRAEAOw==",Mile,$29.95
https://www.glassesshop.com/eyeglasses/ft0306,"data:image/gif;base64,R0lGODlhAQABAIAAAP///wAAACH5BAEAAAAALAAAAAABAAEAAAICRAEAOw==",Arda,$39.95
https://www.glassesshop.com/eyeglasses/fp1697,"data:image/gif;base64,R0lGODlhAQABAIAAAP///wAAACH5BAEAAAAALAAAAAABAAEAAAICRAEAOw==",Novia,$19.95
https://www.glassesshop.com/eyeglasses/ft0312,"data:image/gif;base64,R0lGODlhAQABAIAAAP///wAAACH5BAEAAAAALAAAAAABAAEAAAICRAEAOw==",Bronwyn,$39.95
https://www.glassesshop.com/eyeglasses/sm0878,"data:image/gif;base64,R0lGODlhAQABAIAAAP///wAAACH5BAEAAAAALAAAAAABAAEAAAICRAEAOw==",Broderick,$29.95
https://www.glassesshop.com/eyeglasses/fp1168,"data:image/gif;base64,R0lGODlhAQABAIAAAP///wAAACH5BAEAAAAALAAAAAABAAEAAAICRAEAOw==",Coolidge,$9.95
https://www.glassesshop.com/eyeglasses/sup0784,"data:image/gif;base64,R0lGODlhAQABAIAAAP///wAAACH5BAEAAAAALAAAAAABAAEAAAICRAEAOw==",Annapolis,$29.95
https://www.glassesshop.com/eyeglasses/ft0369,"data:image/gif;base64,R0lGODlhAQABAIAAAP///wAAACH5BAEAAAAALAAAAAABAAEAAAICRAEAOw==",Gemini,$59.95
https://www.glassesshop.com/eyeglasses/fz1407,"data:image/gif;base64,R0lGODlhAQABAIAAAP///wAAACH5BAEAAAAALAAAAAABAAEAAAICRAEAOw==",Ventura,$44.95
https://www.glassesshop.com/eyeglasses/fz1371,"data:image/gif;base64,R0lGODlhAQABAIAAAP///wAAACH5BAEAAAAALAAAAAABAAEAAAICRAEAOw==",Maltz,$19.95
https://www.glassesshop.com/eyeglasses/fz1098,"data:image/gif;base64,R0lGODlhAQABAIAAAP///wAAACH5BAEAAAAALAAAAAABAAEAAAICRAEAOw==",Laura,$9.95
,,,
https://www.glassesshop.com/eyeglasses/fm1086,"data:image/gif;base64,R0lGODlhAQABAIAAAP///wAAACH5BAEAAAAALAAAAAABAAEAAAICRAEAOw==",James,$44.95
https://www.glassesshop.com/eyeglasses/sup0782,"data:image/gif;base64,R0lGODlhAQABAIAAAP///wAAACH5BAEAAAAALAAAAAABAAEAAAICRAEAOw==",Yvette,$29.95
https://www.glassesshop.com/eyeglasses/sup0749,"data:image/gif;base64,R0lGODlhAQABAIAAAP///wAAACH5BAEAAAAALAAAAAABAAEAAAICRAEAOw==",Bernardino,$34.95
https://www.glassesshop.com/eyeglasses/sup0746,"data:image/gif;base64,R0lGODlhAQABAIAAAP///wAAACH5BAEAAAAALAAAAAABAAEAAAICRAEAOw==",Fernando,$34.95
https://www.glassesshop.com/eyeglasses/sup0724,"data:image/gif;base64,R0lGODlhAQABAIAAAP///wAAACH5BAEAAAAALAAAAAABAAEAAAICRAEAOw==",Monterey,$49.95
https://www.glassesshop.com/eyeglasses/ft0278,"data:image/gif;base64,R0lGODlhAQABAIAAAP///wAAACH5BAEAAAAALAAAAAABAAEAAAICRAEAOw==",Hughes,$44.95
https://www.glassesshop.com/eyeglasses/sup0717,"data:image/gif;base64,R0lGODlhAQABAIAAAP///wAAACH5BAEAAAAALAAAAAABAAEAAAICRAEAOw==",Chandler,$34.95
https://www.glassesshop.com/eyeglasses/sup0632,"data:image/gif;base64,R0lGODlhAQABAIAAAP///wAAACH5BAEAAAAALAAAAAABAAEAAAICRAEAOw==",Spender,$19.95
https://www.glassesshop.com/eyeglasses/sup0702,"data:image/gif;base64,R0lGODlhAQABAIAAAP///wAAACH5BAEAAAAALAAAAAABAAEAAAICRAEAOw==",Ophelia,$29.95
https://www.glassesshop.com/eyeglasses/sup0656,"data:image/gif;base64,R0lGODlhAQABAIAAAP///wAAACH5BAEAAAAALAAAAAABAAEAAAICRAEAOw==",Morgan,$29.95
https://www.glassesshop.com/eyeglasses/sup0780,"data:image/gif;base64,R0lGODlhAQABAIAAAP///wAAACH5BAEAAAAALAAAAAABAAEAAAICRAEAOw==",Yvette,$29.95
https://www.glassesshop.com/eyeglasses/fz1461,"data:image/gif;base64,R0lGODlhAQABAIAAAP///wAAACH5BAEAAAAALAAAAAABAAEAAAICRAEAOw==",Prairie,$34.95
https://www.glassesshop.com/eyeglasses/fz1368,"data:image/gif;base64,R0lGODlhAQABAIAAAP///wAAACH5BAEAAAAALAAAAAABAAEAAAICRAEAOw==",Leigh,$29.95
https://www.glassesshop.com/eyeglasses/fz1386,"data:image/gif;base64,R0lGODlhAQABAIAAAP///wAAACH5BAEAAAAALAAAAAABAAEAAAICRAEAOw==",Laurie,$29.95
https://www.glassesshop.com/eyeglasses/fz1299,"data:image/gif;base64,R0lGODlhAQABAIAAAP///wAAACH5BAEAAAAALAAAAAABAAEAAAICRAEAOw==",Hume,$29.95
